FIPS Code,Geography,Year,Program Type,Population
36005,Bronx,2021-01-01,Postcensal Population Estimate,1424948
36047,Brooklyn,2021-01-01,Postcensal Population Estimate,2641052
36061,Manhattan,2021-01-01,Postcensal Population Estimate,1576876
36081,Queens,2021-01-01,Postcensal Population Estimate,2331143
36085,Staten Island,2021-01-01,Postcensal Population Estimate,493494
36005,Bronx,2020-01-01,Census Base Population,1472654
36047,Brooklyn,2020-01-01,Census Base Population,2736074
36061,Manhattan,2020-01-01,Census Base Population,1694251
36081,Queens,2020-01-01,Census Base Population,2405464
36085,Staten Island,2020-01-01,Census Base Population,495747
36005,Bronx,2019-01-01,Postcensal Population Estimate,1418187
36047,Brooklyn,2019-01-01,Postcensal Population Estimate,2562329
36061,Manhattan,2019-01-01,Postcensal Population Estimate,1632326
36081,Queens,2019-01-01,Postcensal Population Estimate,2253942
36085,Staten Island,2019-01-01,Postcensal Population Estimate,476141
36005,Bronx,2018-01-01,Postcensal Population Estimate,1432316
36047,Brooklyn,2018-01-01,Postcensal Population Estimate,2580088
36061,Manhattan,2018-01-01,Postcensal Population Estimate,1632393
36081,Queens,2018-01-01,Postcensal Population Estimate,2275286
36085,Staten Island,2018-01-01,Postcensal Population Estimate,476531
36005,Bronx,2017-01-01,Postcensal Population Estimate,1439956
36047,Brooklyn,2017-01-01,Postcensal Population Estimate,2594357
36061,Manhattan,2017-01-01,Postcensal Population Estimate,1632337
36081,Queens,2017-01-01,Postcensal Population Estimate,2295226
36085,Staten Island,2017-01-01,Postcensal Population Estimate,475819
36005,Bronx,2016-01-01,Postcensal Population Estimate,1443678
36047,Brooklyn,2016-01-01,Postcensal Population Estimate,2608146
36061,Manhattan,2016-01-01,Postcensal Population Estimate,1636721
36081,Queens,2016-01-01,Postcensal Population Estimate,2306249
36085,Staten Island,2016-01-01,Postcensal Population Estimate,474160
36005,Bronx,2015-01-01,Postcensal Population Estimate,1439480
36047,Brooklyn,2015-01-01,Postcensal Population Estimate,2608797
36061,Manhattan,2015-01-01,Postcensal Population Estimate,1637327
36081,Queens,2015-01-01,Postcensal Population Estimate,2305252
36085,Staten Island,2015-01-01,Postcensal Population Estimate,472301
36005,Bronx,2014-01-01,Postcensal Population Estimate,1430474
36047,Brooklyn,2014-01-01,Postcensal Population Estimate,2601527
36061,Manhattan,2014-01-01,Postcensal Population Estimate,1631733
36081,Queens,2014-01-01,Postcensal Population Estimate,2298234
36085,Staten Island,2014-01-01,Postcensal Population Estimate,471899
36005,Bronx,2013-01-01,Postcensal Population Estimate,1421498
36047,Brooklyn,2013-01-01,Postcensal Population Estimate,2587759
36061,Manhattan,2013-01-01,Postcensal Population Estimate,1628379
36081,Queens,2013-01-01,Postcensal Population Estimate,2286788
36085,Staten Island,2013-01-01,Postcensal Population Estimate,471783
36005,Bronx,2012-01-01,Postcensal Population Estimate,1411087
36047,Brooklyn,2012-01-01,Postcensal Population Estimate,2568538
36061,Manhattan,2012-01-01,Postcensal Population Estimate,1624573
36081,Queens,2012-01-01,Postcensal Population Estimate,2271920
36085,Staten Island,2012-01-01,Postcensal Population Estimate,470597
36005,Bronx,2011-01-01,Postcensal Population Estimate,1396954
36047,Brooklyn,2011-01-01,Postcensal Population Estimate,2540918
36061,Manhattan,2011-01-01,Postcensal Population Estimate,1608717
36081,Queens,2011-01-01,Postcensal Population Estimate,2255261
36085,Staten Island,2011-01-01,Postcensal Population Estimate,471014
